{
  "batch_id": 33,
  "batch_size": 4,
  "scheduled_arrival_time": 411.23148345485254,
  "actual_send_time": 411.2332181930542,
  "request_duration": 244.06901812553406,
  "completion_time": 655.3022696971893,
  "status_code": 200,
  "prompt_idxs": [
    67,
    171,
    30,
    128
  ],
  "response": {
    "model": "yusenh-2",
    "choices": [
      {
        "index": 0,
        "text": "submit_paths(paths=[[0, 5, 12, 17]], weights=[437])",
        "reasoning": "",
        "prompt": "You are given a directed graph with 18 nodes (numbered 0 to 17) and the following edges:\n\nEdges (source -> target, weight):\n0 -> 1, weight: 794\n0 -> 2, weight: 534\n0 -> 3, weight: 552\n0 -> 4, weight: 514\n0 -> 5, weight: 22\n0 -> 6, weight: 506\n0 -> 7, weight: 867\n0 -> 8, weight: 217\n1 -> 2, weight: 146\n1 -> 3, weight: 25\n1 -> 4, weight: 526\n1 -> 5, weight: 102\n1 -> 6, weight: 804\n1 -> 7, weight: 829\n1 -> 8, weight: 731\n1 -> 9, weight: 23\n2 -> 3, weight: 470\n2 -> 4, weight: 352\n2 -> 5, weight: 270\n2 -> 6, weight: 346\n2 -> 7, weight: 473\n2 -> 8, weight: 485\n2 -> 9, weight: 618\n2 -> 10, weight: 156\n3 -> 4, weight: 486\n3 -> 5, weight: 775\n3 -> 6, weight: 296\n3 -> 7, weight: 350\n3 -> 8, weight: 499\n3 -> 9, weight: 384\n3 -> 10, weight: 38\n3 -> 11, weight: 669\n4 -> 5, weight: 809\n4 -> 6, weight: 401\n4 -> 7, weight: 412\n4 -> 8, weight: 567\n4 -> 9, weight: 355\n4 -> 10, weight: 136\n4 -> 11, weight: 820\n4 -> 12, weight: 559\n5 -> 6, weight: 447\n5 -> 7, weight: 741\n5 -> 8, weight: 590\n5 -> 9, weight: 440\n5 -> 10, weight: 830\n5 -> 11, weight: 317\n5 -> 12, weight: 115\n5 -> 13, weight: 699\n6 -> 7, weight: 863\n6 -> 8, weight: 193\n6 -> 9, weight: 226\n6 -> 10, weight: 9\n6 -> 11, weight: 788\n6 -> 12, weight: 668\n6 -> 13, weight: 833\n6 -> 14, weight: 867\n7 -> 8, weight: 619\n7 -> 9, weight: 534\n7 -> 10, weight: 588\n7 -> 11, weight: 421\n7 -> 12, weight: 127\n7 -> 13, weight: 463\n7 -> 14, weight: 108\n7 -> 15, weight: 189\n8 -> 9, weight: 401\n8 -> 10, weight: 20\n8 -> 11, weight: 659\n8 -> 12, weight: 133\n8 -> 13, weight: 645\n8 -> 14, weight: 260\n8 -> 15, weight: 762\n8 -> 16, weight: 227\n9 -> 10, weight: 73\n9 -> 11, weight: 130\n9 -> 12, weight: 774\n9 -> 13, weight: 10\n9 -> 14, weight: 737\n9 -> 15, weight: 850\n9 -> 16, weight: 663\n9 -> 17, weight: 219\n10 -> 11, weight: 519\n10 -> 12, weight: 387\n10 -> 13, weight: 344\n10 -> 14, weight: 799\n10 -> 15, weight: 718\n10 -> 16, weight: 717\n10 -> 17, weight: 607\n10 -> 0, weight: 184\n11 -> 12, weight: 552\n11 -> 13, weight: 513\n11 -> 14, weight: 122\n11 -> 15, weight: 596\n11 -> 16, weight: 710\n11 -> 17, weight: 155\n11 -> 0, weight: 461\n11 -> 1, weight: 482\n12 -> 13, weight: 564\n12 -> 14, weight: 714\n12 -> 15, weight: 621\n12 -> 16, weight: 863\n12 -> 17, weight: 300\n12 -> 0, weight: 2\n12 -> 1, weight: 665\n12 -> 2, weight: 187\n13 -> 14, weight: 390\n13 -> 15, weight: 813\n13 -> 16, weight: 189\n13 -> 17, weight: 332\n13 -> 0, weight: 863\n13 -> 1, weight: 875\n13 -> 2, weight: 318\n13 -> 3, weight: 248\n14 -> 15, weight: 502\n14 -> 16, weight: 574\n14 -> 17, weight: 843\n14 -> 0, weight: 800\n14 -> 1, weight: 764\n14 -> 2, weight: 485\n14 -> 3, weight: 128\n14 -> 4, weight: 738\n15 -> 16, weight: 692\n15 -> 17, weight: 178\n15 -> 0, weight: 649\n15 -> 1, weight: 872\n15 -> 2, weight: 181\n15 -> 3, weight: 643\n15 -> 4, weight: 361\n15 -> 5, weight: 1\n16 -> 17, weight: 159\n16 -> 0, weight: 131\n16 -> 1, weight: 23\n16 -> 2, weight: 695\n16 -> 3, weight: 756\n16 -> 4, weight: 190\n16 -> 5, weight: 381\n16 -> 6, weight: 121\n17 -> 0, weight: 445\n17 -> 1, weight: 78\n17 -> 2, weight: 137\n17 -> 3, weight: 579\n17 -> 4, weight: 413\n17 -> 5, weight: 271\n17 -> 6, weight: 489\n17 -> 7, weight: 393\n\nFind the top 1 shortest path from node 0 to node 17.\n\nReturn your answer by calling the submit_paths function with:\n- paths: A list of paths, where each path is a list of node indices\n- weights: A list of corresponding path weights\n\nFor example, if the shortest path is [0, 2, 4] with weight 10, call:\nsubmit_paths(paths=[[0, 2, 4]], weights=[10])\n",
        "finish_reason": "stop"
      },
      {
        "index": 1,
        "text": "G4 C4 E4 G4  \nC4 E4 G4 C5  \nG4 C4 E4 G4  \nC4 E4 G4 C5  \n\nC4 E4 G4 C5  \nG4 C4 E4 G4  \nC4 E4 G4 C5  \nG4 C4 E4 G4  \n\nC4 E4 G4 C5  \nC4 E4 G4 C5  \nG4 C4 E4 G4  \nC4 E4 G4 C5  \n\nC4 E4 G4 C5  \nG4 C4 E4 G4  \nC4 E4 G4 C5  \nG4 C4 E4 G4  \n\nC4 E4 G4 C5  \nC4 E4 G4 C5  \nG4 C4 E4 G4  \nC4 E4 G4 C5  \n\nC4 E4 G4 C5  \nG4 C4 E4 G4  \nC4 E4 G4 C5  \nG4 C4 E4 G4  \n\nC4 E4 G4 C5  \nC4 E4 G4 C5  \nG4 C4 E4 G4  \nC4 E4 G4 C5  \n\nC4 E4 G4 C5  \nG4 C4 E4 G4  \nC4 E4 G4 C5  \nG4 C4 E4 G4  \n\nC4 E4 G4 C5  \nC4 E4 G4 C5  \nG4 C4 E4 G4  \nC4 E4 G4 C5  \n\nC4 E4 G4 C5  \nG4 C4 E4 G4  \nC4 E4 G4 C5  \nG4 C4 E4 G4  \n\nC4 E4 G4 C5  \nC4 E4 G4 C5  \nG4 C4 E4 G4  \nC4 E4 G4 C5  \n\nC4 E4 G4 C5  \nG4 C4 E4 G4  \nC4 E4 G4 C5  \nG4 C4 E4 G4  \n\nC4 E4 G4 C5  \nC4 E4 G4 C5  \nG4 C4 E4 G4  \nC4 E4 G4 C5  \n\nC4 E4 G4 C5  \nG4 C4 E4 G4  \nC4 E4 G4 C5  \nG4 C4 E4 G4  \n\nC4 E4 G4 C5  \nC4 E4 G4 C5  \nG4 C4 E4 G4  \nC4 E4 G4 C5  \n\nC4 E4 G4 C5  \nG4 C4 E4 G4  \nC4 E4 G4 C5  \nG4 C4 E4 G4  \n\nC4 E4 G4 C5  \nC4 E4 G4 C5  \nG4 C4 E4 G4  \nC4 E4 G4 C5  \n\nC4 E4 G4 C5  \nG4 C4 E4 G4  \nC4 E4 G4 C5  \nG4 C4 E4 G4  \n\nC4 E4 G4 C5  \nC4 E4 G4 C5  \nG4 C4 E4 G4  \nC4 E4 G4 C5  \n\nC4 E4 G4 C5  \nG4 C4 E4 G4  \nC4 E4 G4 C5  \nG4 C4 E4 G4  \n\nC4 E4 G4 C5  \nC4 E4 G4 C5  \nG4 C4 E4 G4  \nC4 E4 G4 C5  \n\nC4 E4 G4 C5  \nG4 C",
        "reasoning": "",
        "prompt": "Instruction: You will need to compose the ABC notation for a given song.\nQuestion: The South Wind\nGeneration:",
        "finish_reason": "length"
      },
      {
        "index": 2,
        "text": "submit_paths(paths=[[0, 2, 3], [0, 1, 3], [0, 1, 2, 3]], weights=[95, 102, 116])",
        "reasoning": "",
        "prompt": "You are given a directed graph with 4 nodes (numbered 0 to 3) and the following edges:\n\nEdges (source -> target, weight):\n0 -> 1, weight: 60\n0 -> 2, weight: 53\n1 -> 2, weight: 14\n1 -> 3, weight: 42\n2 -> 3, weight: 42\n2 -> 0, weight: 52\n3 -> 0, weight: 39\n3 -> 1, weight: 4\n\nFind the top 3 shortest paths from node 0 to node 3.\n\nReturn your answer by calling the submit_paths function with:\n- paths: A list of paths, where each path is a list of node indices\n- weights: A list of corresponding path weights\n\nFor example, if the shortest path is [0, 2, 4] with weight 10, call:\nsubmit_paths(paths=[[0, 2, 4]], weights=[10])\n",
        "finish_reason": "stop"
      },
      {
        "index": 3,
        "text": "GradSchoolPrep  \nApplyWithConfidence  \nGradSchoolGuide  \nFutureGrad  \nAdmitPath  \nGradReady  \nScholarPath  \nDreamSchool  \nApplySmarter  \nGradSuccess  \nUniversityUnlocked  \nGradAdvisory  \nAppSuccess  \nTopGrad  \nGradEdge  \nSchoolHacks  \nGradPathway  \nApplyNow  \nGradFuel  \nGradMindset",
        "reasoning": "",
        "prompt": "Instruction: Choosing a name for your product or business YouTube channel is an important part of the process. Based on the description of the product or business, you should come up with some interesting names. Take some time to brainstorm your ideas.\nQuestion: Here you will find videos and content that will help students prepare for the application process to graduate schools as well as how to apply to graduate schools\nGeneration:",
        "finish_reason": "stop"
      }
    ]
  },
  "error": null
}