{
  "batch_id": 38,
  "batch_size": 4,
  "scheduled_arrival_time": 465.1382328826918,
  "actual_send_time": 465.1425230503082,
  "request_duration": 106.32499074935913,
  "completion_time": 571.4675459861755,
  "status_code": 200,
  "prompt_idxs": [
    204,
    37,
    123,
    136
  ],
  "response": {
    "model": "yusenh-2",
    "choices": [
      {
        "index": 0,
        "text": "To determine how many electrons in gold (Au) have a quantum number \u2113 = 2, we need to understand what \u2113 = 2 represents.\n\nThe azimuthal quantum number \u2113 = 2 corresponds to the **d orbitals**.\n\nSo, we are looking for the total number of electrons in d orbitals across all energy levels in gold (Au).\n\nGold has an atomic number of 79, so its electron configuration is:\n\n**[Xe] 4f\u00b9\u2074 5d\u00b9\u2070 6s\u00b9**\n\nNow, let's identify which orbitals have \u2113 = 2 (i.e., d orbitals):\n\n- 3d: \u2113 = 2 \u2192 present in Xe core\n- 4d: \u2113 = 2 \u2192 in Xe core\n- 5d: \u2113 = 2 \u2192 5d\u00b9\u2070 in Au\n- 6d: \u2113 = 2 \u2192 not occupied in Au\n\nNow, let's break down the electron count in d orbitals:\n\n- Xe (atomic number 54): electron configuration is [Kr] 5s\u00b2 4d\u00b9\u2070 5p\u2076\n  - So, 4d\u00b9\u2070 \u2192 10 electrons with \u2113 = 2\n- In Au: 5d\u00b9\u2070 \u2192 10 electrons with \u2113 = 2\n- 6d is empty in Au\n\nSo total d electrons (\u2113 = 2):\n\n- 4d\u00b9\u2070 \u2192 10\n- 5d\u00b9\u2070 \u2192 10  \n\u2192 Total = 10 + 10 = 20\n\nWait \u2014 but the options are 9, 23, 29, 79. 20 is not among them.\n\nWait \u2014 did we miss something?\n\nLet\u2019s double-check the electron configuration of gold.\n\nGold (Au, Z = 79):\n\nStandard configuration: [Xe] 4f\u00b9\u2074 5d\u00b9\u2070 6s\u00b9\n\nNow, Xe (Z = 54): configuration is 1s\u00b2 2s\u00b2 2p\u2076 3s\u00b2 3p\u2076 4s\u00b2 3d\u00b9\u2070 4p\u2076 5s\u00b2 4d\u00b9\u2070 5p\u2076\n\nSo, d orbitals in Xe:\n- 3d\u00b9\u2070 \u2192 \u2113 = 2 \u2192 10 electrons\n- 4d\u00b9\u2070 \u2192 \u2113 = 2 \u2192 10 electrons\n\u2192 Total from Xe: 20 electrons with \u2113 = 2\n\nThen Au adds:\n- 4f\u00b9\u2074 \u2192 \u2113 = 3 \u2192 not \u2113 = 2\n- 5d\u00b9\u2070 \u2192 \u2113 = 2 \u2192 10 electrons\n- 6s\u00b9 \u2192 \u2113 = 0 \u2192 not \u2113 = 2\n\nSo total electrons with \u2113 = 2:\n- 3d\u00b9\u2070 \u2192 10\n- 4d\u00b9\u2070 \u2192 10\n- 5d\u00b9\u2070 \u2192 10  \n\u2192 10 + 10 + 10 = 30\n\nWait \u2014 3d, 4d, 5d \u2014 all have \u2113 = 2.\n\nIn Xe, 3d and 4d are filled.\n\nIn Au, 5d is filled (5d\u00b9\u2070)\n\nSo total d electrons (\u2113 = 2):  \n3d\u00b9\u2070 \u2192 10  \n4d\u00b9\u2070 \u2192 1",
        "reasoning": "",
        "prompt": "The following is a multiple choice question (with answers) about  college medicine.  Output the answer in the format of \"The answer is (X)\" at the end.\n\nQuestion: How many electrons does gold (Au) possess that have a quantum number l = 2?\n Options:\nA. 9\nB. 23\nC. 29\nD. 79\nAnswer:",
        "finish_reason": "length"
      },
      {
        "index": 1,
        "text": "submit_paths(paths=[[0, 1, 4, 7, 9, 11, 14, 16]], weights=[1309])",
        "reasoning": "",
        "prompt": "You are given a directed graph with 17 nodes (numbered 0 to 16) and the following edges:\n\nEdges (source -> target, weight):\n0 -> 1, weight: 192\n0 -> 2, weight: 560\n0 -> 3, weight: 644\n1 -> 2, weight: 145\n1 -> 3, weight: 701\n1 -> 4, weight: 172\n2 -> 3, weight: 842\n2 -> 4, weight: 35\n2 -> 5, weight: 413\n3 -> 4, weight: 560\n3 -> 5, weight: 328\n3 -> 6, weight: 754\n4 -> 5, weight: 650\n4 -> 6, weight: 834\n4 -> 7, weight: 212\n5 -> 6, weight: 769\n5 -> 7, weight: 542\n5 -> 8, weight: 156\n6 -> 7, weight: 748\n6 -> 8, weight: 422\n6 -> 9, weight: 501\n7 -> 8, weight: 254\n7 -> 9, weight: 147\n7 -> 10, weight: 556\n8 -> 9, weight: 506\n8 -> 10, weight: 315\n8 -> 11, weight: 657\n9 -> 10, weight: 282\n9 -> 11, weight: 145\n9 -> 12, weight: 642\n10 -> 11, weight: 690\n10 -> 12, weight: 573\n10 -> 13, weight: 823\n11 -> 12, weight: 861\n11 -> 13, weight: 573\n11 -> 14, weight: 108\n12 -> 13, weight: 513\n12 -> 14, weight: 819\n12 -> 15, weight: 849\n13 -> 14, weight: 636\n13 -> 15, weight: 650\n13 -> 16, weight: 927\n14 -> 15, weight: 424\n14 -> 16, weight: 333\n14 -> 0, weight: 218\n15 -> 16, weight: 898\n15 -> 0, weight: 353\n15 -> 1, weight: 432\n16 -> 0, weight: 893\n16 -> 1, weight: 602\n16 -> 2, weight: 154\n\nFind the top 1 shortest path from node 0 to node 16.\n\nReturn your answer by calling the submit_paths function with:\n- paths: A list of paths, where each path is a list of node indices\n- weights: A list of corresponding path weights\n\nFor example, if the shortest path is [0, 2, 4] with weight 10, call:\nsubmit_paths(paths=[[0, 2, 4]], weights=[10])\n",
        "finish_reason": "stop"
      },
      {
        "index": 2,
        "text": "6 0 0 | 0 0 0 | 0 0 0  \n0 0 0 | 0 0 0 | 0 0 0  \n0 0 0 | 0 0 0 | 0 0 0  \n------+-------+------  \n0 0 0 | 0 0 0 | 0 0 0  \n0 0 0 | 0 0 0 | 0 0 0  \n0 0 0 | 0 0 0 | 0 0 0  \n------+-------+------  \n0 0 0 | 0 0 0 | 0 0 0  \n0 0 0 | 0 0 0 | 0 0 0  \n0 0 0 | 0 0 0 | 0 0 0  \n\nClues:\n(1,1)=6  \n(3,4)=7  \n(5,5)=5  \n(7,2)=4  \n(8,3)=8  \n(9,9)=9  \n\nSolve the puzzle.",
        "reasoning": "",
        "prompt": "Instruction: Design a medium-level sudoku puzzle.\nQuestion: \nGeneration:",
        "finish_reason": "stop"
      },
      {
        "index": 3,
        "text": "**Kale & Almond Butter Salad with Apple Cider Vinegar & Tamari Dressing**\n\n*Servings: 2*  \n*Prep time: 10 minutes*\n\n**Ingredients:**\n- 2 cups fresh kale, chopped (stems removed)\n- 3 tablespoons almond butter (smooth or crunchy)\n- 1 tablespoon apple cider vinegar\n- 1 tablespoon tamari (gluten-free soy sauce)\n- 1 tablespoon agave nectar\n- Optional: 1/4 cup chopped nuts or seeds (e.g., almonds, walnuts) for crunch\n- Optional: 1/4 cup grated apple or diced cucumber for added texture\n\n**Instructions:**\n\n1. In a large bowl, add the chopped kale and toss gently to release any bitterness.\n2. In a small bowl, whisk together almond butter, apple cider vinegar, tamari, and agave nectar until smooth and well blended.\n3. Drizzle the dressing over the kale and toss to coat evenly.\n4. Let sit for 5 minutes to allow flavors to meld.\n5. Top with optional nuts, seeds, or fresh fruit.\n6. Serve immediately and enjoy!\n\n*Note: This dish is rich in protein, healthy fats, and antioxidants\u2014perfect for a balanced, nutrient-dense dinner.*",
        "reasoning": "",
        "prompt": "Instruction: Using the ingredients that are available, create a dinner recipe.\nQuestion: Kale + almond butter + apple cider vinegar + agave nectar + tamari\nGeneration:",
        "finish_reason": "stop"
      }
    ]
  },
  "error": null
}