{
  "batch_id": 29,
  "batch_size": 1,
  "scheduled_arrival_time": 351.36151630770325,
  "actual_send_time": 351.37655091285706,
  "request_duration": 206.39191699028015,
  "completion_time": 557.7685015201569,
  "status_code": 200,
  "prompt_idxs": [
    18
  ],
  "response": {
    "model": "yusenh-2",
    "choices": [
      {
        "index": 0,
        "text": "submit_paths(paths=[[0, 2, 5, 7, 8, 14], [0, 2, 7, 8, 14], [0, 2, 3, 8, 14]], weights=[496, 512, 552])",
        "reasoning": "",
        "prompt": "You are given a directed graph with 15 nodes (numbered 0 to 14) and the following edges:\n\nEdges (source -> target, weight):\n0 -> 1, weight: 848\n0 -> 2, weight: 209\n0 -> 3, weight: 767\n0 -> 4, weight: 427\n0 -> 5, weight: 655\n0 -> 6, weight: 538\n0 -> 7, weight: 800\n1 -> 2, weight: 838\n1 -> 3, weight: 458\n1 -> 4, weight: 602\n1 -> 5, weight: 428\n1 -> 6, weight: 743\n1 -> 7, weight: 557\n1 -> 8, weight: 654\n2 -> 3, weight: 149\n2 -> 4, weight: 152\n2 -> 5, weight: 82\n2 -> 6, weight: 530\n2 -> 7, weight: 193\n2 -> 8, weight: 308\n2 -> 9, weight: 434\n3 -> 4, weight: 462\n3 -> 5, weight: 502\n3 -> 6, weight: 248\n3 -> 7, weight: 808\n3 -> 8, weight: 140\n3 -> 9, weight: 515\n3 -> 10, weight: 418\n4 -> 5, weight: 557\n4 -> 6, weight: 452\n4 -> 7, weight: 593\n4 -> 8, weight: 820\n4 -> 9, weight: 248\n4 -> 10, weight: 419\n4 -> 11, weight: 550\n5 -> 6, weight: 329\n5 -> 7, weight: 95\n5 -> 8, weight: 325\n5 -> 9, weight: 720\n5 -> 10, weight: 647\n5 -> 11, weight: 800\n5 -> 12, weight: 382\n6 -> 7, weight: 828\n6 -> 8, weight: 828\n6 -> 9, weight: 619\n6 -> 10, weight: 722\n6 -> 11, weight: 777\n6 -> 12, weight: 585\n6 -> 13, weight: 196\n7 -> 8, weight: 56\n7 -> 9, weight: 458\n7 -> 10, weight: 86\n7 -> 11, weight: 777\n7 -> 12, weight: 146\n7 -> 13, weight: 747\n7 -> 14, weight: 419\n8 -> 9, weight: 206\n8 -> 10, weight: 168\n8 -> 11, weight: 715\n8 -> 12, weight: 799\n8 -> 13, weight: 689\n8 -> 14, weight: 54\n8 -> 0, weight: 72\n9 -> 10, weight: 259\n9 -> 11, weight: 690\n9 -> 12, weight: 653\n9 -> 13, weight: 650\n9 -> 14, weight: 132\n9 -> 0, weight: 641\n9 -> 1, weight: 756\n10 -> 11, weight: 382\n10 -> 12, weight: 350\n10 -> 13, weight: 666\n10 -> 14, weight: 164\n10 -> 0, weight: 597\n10 -> 1, weight: 410\n10 -> 2, weight: 553\n11 -> 12, weight: 187\n11 -> 13, weight: 207\n11 -> 14, weight: 394\n11 -> 0, weight: 585\n11 -> 1, weight: 768\n11 -> 2, weight: 480\n11 -> 3, weight: 13\n12 -> 13, weight: 334\n12 -> 14, weight: 808\n12 -> 0, weight: 153\n12 -> 1, weight: 367\n12 -> 2, weight: 796\n12 -> 3, weight: 79\n12 -> 4, weight: 184\n13 -> 14, weight: 700\n13 -> 0, weight: 554\n13 -> 1, weight: 397\n13 -> 2, weight: 93\n13 -> 3, weight: 99\n13 -> 4, weight: 637\n13 -> 5, weight: 453\n14 -> 0, weight: 300\n14 -> 1, weight: 288\n14 -> 2, weight: 572\n14 -> 3, weight: 655\n14 -> 4, weight: 578\n14 -> 5, weight: 541\n14 -> 6, weight: 234\n\nFind the top 3 shortest paths from node 0 to node 14.\n\nReturn your answer by calling the submit_paths function with:\n- paths: A list of paths, where each path is a list of node indices\n- weights: A list of corresponding path weights\n\nFor example, if the shortest path is [0, 2, 4] with weight 10, call:\nsubmit_paths(paths=[[0, 2, 4]], weights=[10])\n",
        "finish_reason": "stop"
      }
    ]
  },
  "error": null
}