{
  "batch_id": 82,
  "batch_size": 5,
  "scheduled_arrival_time": 987.6618872888471,
  "actual_send_time": 987.6679179668427,
  "request_duration": 179.77191829681396,
  "completion_time": 1167.4398655891418,
  "status_code": 200,
  "prompt_idxs": [
    43,
    244,
    23,
    224,
    84
  ],
  "response": {
    "model": "yusenh-system-2",
    "choices": [
      {
        "index": 0,
        "text": "submit_paths(paths=[[0, 2, 10]], weights=[100])",
        "reasoning": "",
        "prompt": "You are given a directed graph with 11 nodes (numbered 0 to 10) and the following edges:\n\nEdges (source -> target, weight):\n0 -> 1, weight: 731\n0 -> 2, weight: 44\n0 -> 3, weight: 28\n0 -> 4, weight: 160\n0 -> 5, weight: 317\n0 -> 6, weight: 778\n0 -> 7, weight: 291\n0 -> 8, weight: 708\n0 -> 9, weight: 407\n1 -> 2, weight: 383\n1 -> 3, weight: 755\n1 -> 4, weight: 686\n1 -> 5, weight: 334\n1 -> 6, weight: 780\n1 -> 7, weight: 164\n1 -> 8, weight: 776\n1 -> 9, weight: 199\n1 -> 10, weight: 459\n2 -> 3, weight: 470\n2 -> 4, weight: 623\n2 -> 5, weight: 799\n2 -> 6, weight: 261\n2 -> 7, weight: 842\n2 -> 8, weight: 592\n2 -> 9, weight: 867\n2 -> 10, weight: 56\n2 -> 0, weight: 439\n3 -> 4, weight: 200\n3 -> 5, weight: 482\n3 -> 6, weight: 473\n3 -> 7, weight: 162\n3 -> 8, weight: 558\n3 -> 9, weight: 113\n3 -> 10, weight: 866\n3 -> 0, weight: 861\n3 -> 1, weight: 100\n4 -> 5, weight: 652\n4 -> 6, weight: 871\n4 -> 7, weight: 639\n4 -> 8, weight: 679\n4 -> 9, weight: 202\n4 -> 10, weight: 499\n4 -> 0, weight: 630\n4 -> 1, weight: 804\n4 -> 2, weight: 508\n5 -> 6, weight: 242\n5 -> 7, weight: 689\n5 -> 8, weight: 312\n5 -> 9, weight: 865\n5 -> 10, weight: 457\n5 -> 0, weight: 252\n5 -> 1, weight: 669\n5 -> 2, weight: 90\n5 -> 3, weight: 596\n6 -> 7, weight: 647\n6 -> 8, weight: 637\n6 -> 9, weight: 116\n6 -> 10, weight: 797\n6 -> 0, weight: 778\n6 -> 1, weight: 399\n6 -> 2, weight: 612\n6 -> 3, weight: 93\n6 -> 4, weight: 425\n7 -> 8, weight: 394\n7 -> 9, weight: 27\n7 -> 10, weight: 12\n7 -> 0, weight: 437\n7 -> 1, weight: 91\n7 -> 2, weight: 801\n7 -> 3, weight: 7\n7 -> 4, weight: 816\n7 -> 5, weight: 65\n8 -> 9, weight: 121\n8 -> 10, weight: 738\n8 -> 0, weight: 174\n8 -> 1, weight: 303\n8 -> 2, weight: 428\n8 -> 3, weight: 757\n8 -> 4, weight: 737\n8 -> 5, weight: 533\n8 -> 6, weight: 56\n9 -> 10, weight: 247\n9 -> 0, weight: 128\n9 -> 1, weight: 597\n9 -> 2, weight: 21\n9 -> 3, weight: 483\n9 -> 4, weight: 476\n9 -> 5, weight: 419\n9 -> 6, weight: 772\n9 -> 7, weight: 296\n10 -> 0, weight: 368\n10 -> 1, weight: 347\n10 -> 2, weight: 843\n10 -> 3, weight: 529\n10 -> 4, weight: 135\n10 -> 5, weight: 810\n10 -> 6, weight: 474\n10 -> 7, weight: 759\n10 -> 8, weight: 316\n\nFind the top 1 shortest path from node 0 to node 10.\n\nReturn your answer by calling the submit_paths function with:\n- paths: A list of paths, where each path is a list of node indices\n- weights: A list of corresponding path weights\n\nFor example, if the shortest path is [0, 2, 4] with weight 10, call:\nsubmit_paths(paths=[[0, 2, 4]], weights=[10])\n",
        "finish_reason": "stop"
      },
      {
        "index": 1,
        "text": "The patient has a history of chronic obstructive pulmonary disease (COPD) and recently developed a pneumothorax that required chest tube insertion. The air leak has resolved, but now the patient is restless, combative, tachycardic, and has diminished breath sounds on the right side. These signs suggest a possible tension pneumothorax, which is a life-threatening condition characterized by increased intrathoracic pressure, impaired venous return, and potentially compromised cardiac output. Although the air leak has stopped, the presence of restlessness, tachycardia, and diminished breath sounds raises concern for a tension pneumothorax, especially in a patient with COPD who is on mechanical ventilation.\n\nA STAT chest x-ray is already ordered, which is appropriate. However, in the setting of suspected tension pneumothorax, the most urgent step is to relieve the pressure in the pleural space. This is typically done by repositioning or securing the chest tube, or in some cases, by needle decompression if the chest tube is not functioning properly or if it's not in place.\n\nOption D \u2014 \"Reposition the chest tube\" \u2014 is the most appropriate next step if the chest tube is not draining properly or is dislodged. However, if the chest tube is properly placed and draining, but the patient remains unstable, needle decompression may be needed. But among the given options, repositioning the chest tube is the most direct and practical intervention to address a possible issue with chest tube placement or function.\n\nOther options:\n- A (\u03b2-blocking medications): Not indicated; may worsen respiratory compromise.\n- B (alprazolam): May help with agitation but does not address the underlying respiratory pathology.\n- C (remove from ventilator and use bag-valve mask): This could be harmful in a patient with COPD due to risk of hyperinflation and increased work of breathing; not the first-line action.\n\nTherefore, the most appropriate step after a STAT chest x-ray is to reposition the chest tube to ensure proper drainage and to rule out obstruction or misplacement.\n\nThe answer is (D)",
        "reasoning": "",
        "prompt": "The following is a multiple choice question (with answers) about  professional medicine.  Output the answer in the format of \"The answer is (X)\" at the end.\n\nQuestion: A 68-year-old man is in the hospital because he requires mechanical ventilation for an exacerbation of chronic obstructive pulmonary disease. On the second day after admission he developed a pneumothorax on the right side that required tube thoracostomy. An air leak is noted for the next 24 hours, which now has stopped. However, the patient has become restless and combative. Breath sounds are diminished in the right side of the chest and the patient now has tachycardia. Blood pressure is 130/80 mm Hg. After ordering a STAT portable x-ray of the chest, which of the following is the most appropriate step?\n Options:\nA. Administer \u03b2-blocking medications\nB. Administer alprazolam\nC. Remove the patient from the ventilator and ventilate him with a bag-valve mask\nD. Reposition the chest tube\nAnswer:",
        "finish_reason": "stop"
      },
      {
        "index": 2,
        "text": "submit_paths(paths=[[0, 2, 4, 6, 8, 9]], weights=[177])",
        "reasoning": "",
        "prompt": "You are given a directed graph with 10 nodes (numbered 0 to 9) and the following edges:\n\nEdges (source -> target, weight):\n0 -> 1, weight: 81\n0 -> 2, weight: 67\n1 -> 2, weight: 26\n1 -> 3, weight: 69\n2 -> 3, weight: 74\n2 -> 4, weight: 54\n3 -> 4, weight: 2\n3 -> 5, weight: 83\n4 -> 5, weight: 34\n4 -> 6, weight: 44\n5 -> 6, weight: 60\n5 -> 7, weight: 33\n6 -> 7, weight: 9\n6 -> 8, weight: 4\n7 -> 8, weight: 39\n7 -> 9, weight: 54\n8 -> 9, weight: 8\n8 -> 0, weight: 70\n9 -> 0, weight: 39\n9 -> 1, weight: 73\n\nFind the top 1 shortest path from node 0 to node 9.\n\nReturn your answer by calling the submit_paths function with:\n- paths: A list of paths, where each path is a list of node indices\n- weights: A list of corresponding path weights\n\nFor example, if the shortest path is [0, 2, 4] with weight 10, call:\nsubmit_paths(paths=[[0, 2, 4]], weights=[10])\n",
        "finish_reason": "stop"
      },
      {
        "index": 3,