{
  "batch_id": 82,
  "batch_size": 5,
  "scheduled_arrival_time": 987.6618872888471,
  "actual_send_time": 987.6650388240814,
  "request_duration": 200.74788331985474,
  "completion_time": 1188.412957906723,
  "status_code": 200,
  "prompt_idxs": [
    43,
    244,
    23,
    224,
    84
  ],
  "response": {
    "model": "yusenh-system-1",
    "choices": [
      {
        "index": 0,
        "text": "submit_paths(paths=[[0, 2, 10]], weights=[100])",
        "reasoning": "",
        "prompt": "You are given a directed graph with 11 nodes (numbered 0 to 10) and the following edges:\n\nEdges (source -> target, weight):\n0 -> 1, weight: 731\n0 -> 2, weight: 44\n0 -> 3, weight: 28\n0 -> 4, weight: 160\n0 -> 5, weight: 317\n0 -> 6, weight: 778\n0 -> 7, weight: 291\n0 -> 8, weight: 708\n0 -> 9, weight: 407\n1 -> 2, weight: 383\n1 -> 3, weight: 755\n1 -> 4, weight: 686\n1 -> 5, weight: 334\n1 -> 6, weight: 780\n1 -> 7, weight: 164\n1 -> 8, weight: 776\n1 -> 9, weight: 199\n1 -> 10, weight: 459\n2 -> 3, weight: 470\n2 -> 4, weight: 623\n2 -> 5, weight: 799\n2 -> 6, weight: 261\n2 -> 7, weight: 842\n2 -> 8, weight: 592\n2 -> 9, weight: 867\n2 -> 10, weight: 56\n2 -> 0, weight: 439\n3 -> 4, weight: 200\n3 -> 5, weight: 482\n3 -> 6, weight: 473\n3 -> 7, weight: 162\n3 -> 8, weight: 558\n3 -> 9, weight: 113\n3 -> 10, weight: 866\n3 -> 0, weight: 861\n3 -> 1, weight: 100\n4 -> 5, weight: 652\n4 -> 6, weight: 871\n4 -> 7, weight: 639\n4 -> 8, weight: 679\n4 -> 9, weight: 202\n4 -> 10, weight: 499\n4 -> 0, weight: 630\n4 -> 1, weight: 804\n4 -> 2, weight: 508\n5 -> 6, weight: 242\n5 -> 7, weight: 689\n5 -> 8, weight: 312\n5 -> 9, weight: 865\n5 -> 10, weight: 457\n5 -> 0, weight: 252\n5 -> 1, weight: 669\n5 -> 2, weight: 90\n5 -> 3, weight: 596\n6 -> 7, weight: 647\n6 -> 8, weight: 637\n6 -> 9, weight: 116\n6 -> 10, weight: 797\n6 -> 0, weight: 778\n6 -> 1, weight: 399\n6 -> 2, weight: 612\n6 -> 3, weight: 93\n6 -> 4, weight: 425\n7 -> 8, weight: 394\n7 -> 9, weight: 27\n7 -> 10, weight: 12\n7 -> 0, weight: 437\n7 -> 1, weight: 91\n7 -> 2, weight: 801\n7 -> 3, weight: 7\n7 -> 4, weight: 816\n7 -> 5, weight: 65\n8 -> 9, weight: 121\n8 -> 10, weight: 738\n8 -> 0, weight: 174\n8 -> 1, weight: 303\n8 -> 2, weight: 428\n8 -> 3, weight: 757\n8 -> 4, weight: 737\n8 -> 5, weight: 533\n8 -> 6, weight: 56\n9 -> 10, weight: 247\n9 -> 0, weight: 128\n9 -> 1, weight: 597\n9 -> 2, weight: 21\n9 -> 3, weight: 483\n9 -> 4, weight: 476\n9 -> 5, weight: 419\n9 -> 6, weight: 772\n9 -> 7, weight: 296\n10 -> 0, weight: 368\n10 -> 1, weight: 347\n10 -> 2, weight: 843\n10 -> 3, weight: 529\n10 -> 4, weight: 135\n10 -> 5, weight: 810\n10 -> 6, weight: 474\n10 -> 7, weight: 759\n10 -> 8, weight: 316\n\nFind the top 1 shortest path from node 0 to node 10.\n\nReturn your answer by calling the submit_paths function with:\n- paths: A list of paths, where each path is a list of node indices\n- weights: A list of corresponding path weights\n\nFor example, if the shortest path is [0, 2, 4] with weight 10, call:\nsubmit_paths(paths=[[0, 2, 4]], weights=[10])\n",
        "finish_reason": "stop"
      },
      {
        "index": 1,
        "text": "The patient has a history of chronic obstructive pulmonary disease (COPD) and developed a pneumothorax requiring chest tube insertion. The air leak has resolved, but now the patient is restless, combative, tachycardic, and has diminished breath sounds on the right side. These findings are concerning for a possible tension pneumothorax, especially given the restlessness and tachycardia despite a resolved air leak.\n\nA tension pneumothorax can develop even after an initial pneumothorax if the chest tube is not properly functioning or if there is ongoing communication between the pleural space and the atmosphere. The key clinical signs include hypotension, tachycardia, tracheal deviation, and diminished breath sounds \u2014 all of which are present here, though blood pressure is only mildly elevated (130/80 mm Hg). The restlessness and combative behavior are signs of respiratory distress and possible hypoxia.\n\nHowever, the most immediate and life-threatening concern is the possibility of tension pneumothorax. In such a case, the most appropriate step is to immediately relieve the tension by repositioning or re-establishing drainage. If the chest tube is not draining effectively or is obstructed, it may lead to continued accumulation of air in the pleural space.\n\nOption D: Reposition the chest tube \u2014 this may help if the tube is kinked, mispositioned, or not draining properly. However, in a setting of suspected tension pneumothorax, the most urgent action is to relieve the pressure, which may require immediate chest tube repositioning or even insertion of a new tube.\n\nBut note: the question states that \"the air leak is noted for the next 24 hours, which now has stopped.\" This suggests that the leak has resolved, but the patient is now showing signs of distress. However, the diminished breath sounds and restlessness suggest possible ongoing pleural pressure or a new complication.\n\nIn the context of a patient with a known pneumothorax and chest tube, the most appropriate next step after a STAT chest x-ray is to assess for complications such as tension pneumothorax. If the x-ray shows persistent air in the pleural space or a tension pneumothorax, then chest tube repositioning or reinsertion may be needed.\n\nHowever, if the patient is combative and restless, and the chest tube is functioning, the most likely cause is not a tension pneumothorax but rather anxiety or hypoxia due to respiratory compromise.\n\nBut the key point: the patient has diminished breath sounds and tachycardia \u2014 signs that suggest a possible tension pneumothorax. In such a scenario, the most appropriate step is to act immediately to relieve the pressure.\n\nOption D \u2014 reposition the chest tube \u2014 is a reasonable step if the tube is not draining properly. However, if the patient is in acute distress, and the chest x-ray shows a tension pneumothorax, then immediate intervention is needed.\n\nBut the question says: \"after ordering a STAT portable x-ray of the chest, which of the following is the most appropriate step?\"\n\nThe correct next step is to wait for the x-ray result. But the options are what to do *after* ordering the x-ray.\n\nTherefore, the most appropriate step is to **wait for the x-ray** and then act accordingly.\n\nBut among the options, the only one that directly addresses a potential life-threatening complication (tension pneumothorax) is repositioning the chest tube \u2014 if it's obstructed or misplaced.\n\nHowever, alprazolam (option B) may be considered for anxiety, but the patient\u2019s symptoms are more concerning for a respiratory emergency than anxiety.\n\nAdministering \u03b2-blockers (option A) is not appropriate in a patient with COPD and respiratory distress \u2014 in fact, \u03b2-blockers can worsen respiratory function.\n\nRemoving the patient from the ventilator (option C) would be dangerous \u2014 it could lead to hypoxia and respiratory failure in a patient with COPD.\n\nTherefore, the most appropriate step \u2014 after ordering a STAT chest x-ray \u2014 is to **reposition the chest tube** if it is not draining properly or if there is evidence of tension.\n\nThus, the best answer is:\n\nThe answer is (D)",
        "reasoning": "",