{
  "batch_id": 56,
  "batch_size": 3,
  "scheduled_arrival_time": 740.951182067011,
  "actual_send_time": 740.9614355564117,
  "request_duration": 410.8526530265808,
  "completion_time": 1151.814124584198,
  "status_code": 200,
  "prompt_idxs": [
    6,
    101,
    149
  ],
  "response": {
    "model": "yusenh-system-3",
    "choices": [
      {
        "index": 0,
        "text": "submit_paths(paths=[[0, 3, 8, 15, 18]], weights=[110])",
        "reasoning": "",
        "prompt": "You are given a directed graph with 19 nodes (numbered 0 to 18) and the following edges:\n\nEdges (source -> target, weight):\n0 -> 1, weight: 103\n0 -> 2, weight: 2\n0 -> 3, weight: 1\n0 -> 4, weight: 229\n0 -> 5, weight: 126\n0 -> 6, weight: 52\n0 -> 7, weight: 118\n1 -> 2, weight: 209\n1 -> 3, weight: 236\n1 -> 4, weight: 7\n1 -> 5, weight: 24\n1 -> 6, weight: 8\n1 -> 7, weight: 198\n1 -> 8, weight: 184\n2 -> 3, weight: 194\n2 -> 4, weight: 134\n2 -> 5, weight: 148\n2 -> 6, weight: 219\n2 -> 7, weight: 103\n2 -> 8, weight: 228\n2 -> 9, weight: 146\n3 -> 4, weight: 211\n3 -> 5, weight: 142\n3 -> 6, weight: 8\n3 -> 7, weight: 32\n3 -> 8, weight: 26\n3 -> 9, weight: 214\n3 -> 10, weight: 72\n4 -> 5, weight: 113\n4 -> 6, weight: 120\n4 -> 7, weight: 150\n4 -> 8, weight: 70\n4 -> 9, weight: 223\n4 -> 10, weight: 216\n4 -> 11, weight: 33\n5 -> 6, weight: 151\n5 -> 7, weight: 152\n5 -> 8, weight: 138\n5 -> 9, weight: 228\n5 -> 10, weight: 156\n5 -> 11, weight: 12\n5 -> 12, weight: 185\n6 -> 7, weight: 123\n6 -> 8, weight: 110\n6 -> 9, weight: 148\n6 -> 10, weight: 93\n6 -> 11, weight: 93\n6 -> 12, weight: 236\n6 -> 13, weight: 208\n7 -> 8, weight: 48\n7 -> 9, weight: 49\n7 -> 10, weight: 176\n7 -> 11, weight: 230\n7 -> 12, weight: 95\n7 -> 13, weight: 176\n7 -> 14, weight: 102\n8 -> 9, weight: 196\n8 -> 10, weight: 77\n8 -> 11, weight: 217\n8 -> 12, weight: 17\n8 -> 13, weight: 150\n8 -> 14, weight: 3\n8 -> 15, weight: 58\n9 -> 10, weight: 50\n9 -> 11, weight: 128\n9 -> 12, weight: 33\n9 -> 13, weight: 148\n9 -> 14, weight: 190\n9 -> 15, weight: 199\n9 -> 16, weight: 96\n10 -> 11, weight: 24\n10 -> 12, weight: 101\n10 -> 13, weight: 9\n10 -> 14, weight: 87\n10 -> 15, weight: 106\n10 -> 16, weight: 167\n10 -> 17, weight: 137\n11 -> 12, weight: 216\n11 -> 13, weight: 147\n11 -> 14, weight: 140\n11 -> 15, weight: 218\n11 -> 16, weight: 80\n11 -> 17, weight: 227\n11 -> 18, weight: 53\n12 -> 13, weight: 60\n12 -> 14, weight: 104\n12 -> 15, weight: 163\n12 -> 16, weight: 238\n12 -> 17, weight: 78\n12 -> 18, weight: 130\n12 -> 0, weight: 131\n13 -> 14, weight: 181\n13 -> 15, weight: 97\n13 -> 16, weight: 79\n13 -> 17, weight: 71\n13 -> 18, weight: 32\n13 -> 0, weight: 10\n13 -> 1, weight: 151\n14 -> 15, weight: 174\n14 -> 16, weight: 24\n14 -> 17, weight: 172\n14 -> 18, weight: 223\n14 -> 0, weight: 88\n14 -> 1, weight: 81\n14 -> 2, weight: 222\n15 -> 16, weight: 132\n15 -> 17, weight: 91\n15 -> 18, weight: 25\n15 -> 0, weight: 191\n15 -> 1, weight: 127\n15 -> 2, weight: 107\n15 -> 3, weight: 104\n16 -> 17, weight: 233\n16 -> 18, weight: 94\n16 -> 0, weight: 65\n16 -> 1, weight: 206\n16 -> 2, weight: 71\n16 -> 3, weight: 36\n16 -> 4, weight: 30\n17 -> 18, weight: 58\n17 -> 0, weight: 22\n17 -> 1, weight: 62\n17 -> 2, weight: 192\n17 -> 3, weight: 239\n17 -> 4, weight: 199\n17 -> 5, weight: 160\n18 -> 0, weight: 206\n18 -> 1, weight: 32\n18 -> 2, weight: 178\n18 -> 3, weight: 188\n18 -> 4, weight: 30\n18 -> 5, weight: 242\n18 -> 6, weight: 147\n\nFind the top 1 shortest path from node 0 to node 18.\n\nReturn your answer by calling the submit_paths function with:\n- paths: A list of paths, where each path is a list of node indices\n- weights: A list of corresponding path weights\n\nFor example, if the shortest path is [0, 2, 4] with weight 10, call:\nsubmit_paths(paths=[[0, 2, 4]], weights=[10])\n",
        "finish_reason": "stop"
      },
      {
        "index": 1,
        "text": "Subject: Salary Negotiation Discussion  \n\nDear [Hiring Manager's Name],  \n\nI hope this message finds you well. I\u2019m writing to express my continued enthusiasm for the [Job Title] position at [Company Name]. I\u2019ve been thoroughly impressed with the company\u2019s mission, culture, and the opportunities for growth within the team.  \n\nAs I move forward in this role, I\u2019d like to discuss a salary range that reflects both my experience, skills, and the market standards for this position. Based on my background and the responsibilities outlined in the role, I believe a salary of [your proposed range, e.g., $XX,XXX \u2013 $XX,XXX] would be appropriate.  \n\nI\u2019m confident that my contributions will add significant value to the team and support the company\u2019s goals. I\u2019m open to discussing this further at your convenience and would appreciate the opportunity to speak with you or your HR team to align on a mutually beneficial agreement.  \n\nThank you for your time and consideration. I look forward to the possibility of discussing this in more detail.  \n\nBest regards,  \n[Your Full Name]  \n[Your Contact Information]  \n[Your LinkedIn or Portfolio Link, if relevant]",
        "reasoning": "",
        "prompt": "Instruction: You need to write an email to negotiate your salary.\nQuestion: \nGeneration:",
        "finish_reason": "stop"
      },
      {
        "index": 2,
        "text": "- **National Parks (e.g., Yellowstone, Rocky Mountain National Park)**: November offers crisp, clear air and fewer crowds. Wildlife viewing is active, especially in Yellowstone, where elk and deer are visible. The fall foliage begins to fade, but the landscape remains stunning.\n\n- **New England (e.g., Vermont, New Hampshire, Maine)**: November brings vibrant fall colors, especially in Vermont and New Hampshire. The region is ideal for hiking, skiing, and exploring charming small towns. The snow starts to fall in many areas, making it perfect for winter sports prep.\n\n- **Lake Tahoe (California/Nevada)**: Cooler temperatures and clear skies make it ideal for hiking, skiing, or simply enjoying the lake. The surrounding mountains are often covered in snow, and the area is less crowded than in summer.\n\n- **The Great Smoky Mountains (Tennessee/North Carolina)**: While the fall colors peak in October, November still offers beautiful, quiet trails and opportunities for birdwatching. The region is less touristy and more peaceful.\n\n- **San Diego (California)**: November is mild and pleasant, with warm days and cooler evenings. Ideal for visiting the coastal areas, hiking in La Jolla, or exploring the Pacific Beach and San Diego Zoo.\n\n- **Austin, Texas**: November brings mild temperatures, making it perfect for outdoor concerts, festivals, and exploring the city\u2019s vibrant culture. The city hosts various events, including the Austin City Limits Festival.\n\n- **Chicago, Illinois**: With cooler weather and fewer crowds, November is a great time to visit Chicago for food, museums, and outdoor activities like visiting the Willis Tower or enjoying the lakefront.\n\n- **Denver, Colorado**: November offers mild days and cool nights, ideal for hiking, skiing, or visiting the Rocky Mountain National Park. The city is vibrant with outdoor festivals and events.\n\n- **Napa Valley, California**: November is a great time for wine tasting, with cooler temperatures and fewer crowds. The vineyards are still in full bloom, and the scenery is beautiful.\n\n- **New Orleans, Louisiana**: November brings mild weather and the chance to experience the city\u2019s rich culture, music, and cuisine. The city hosts various festivals and events during this time.",
        "reasoning": "",
        "prompt": "Instruction: Make a list of the top places in the U.S. to visit at the given time.\nQuestion: November\nGeneration:",
        "finish_reason": "stop"
      }
    ]
  },
  "error": null
}