{
  "batch_id": 54,
  "batch_size": 5,
  "scheduled_arrival_time": 724.1361397431282,
  "actual_send_time": 724.1497850418091,
  "request_duration": 498.3165054321289,
  "completion_time": 1222.466327905655,
  "status_code": 200,
  "prompt_idxs": [
    77,
    60,
    65,
    29,
    254
  ],
  "response": {
    "model": "yusenh-system-3",
    "choices": [
      {
        "index": 0,
        "text": "submit_paths(paths=[[0, 8, 15], [0, 5, 14, 15]], weights=[120, 131])",
        "reasoning": "",
        "prompt": "You are given a directed graph with 16 nodes (numbered 0 to 15) and the following edges:\n\nEdges (source -> target, weight):\n0 -> 1, weight: 328\n0 -> 2, weight: 347\n0 -> 3, weight: 83\n0 -> 4, weight: 119\n0 -> 5, weight: 81\n0 -> 6, weight: 104\n0 -> 7, weight: 204\n0 -> 8, weight: 34\n0 -> 9, weight: 123\n0 -> 10, weight: 178\n1 -> 2, weight: 253\n1 -> 3, weight: 330\n1 -> 4, weight: 362\n1 -> 5, weight: 81\n1 -> 6, weight: 276\n1 -> 7, weight: 316\n1 -> 8, weight: 268\n1 -> 9, weight: 177\n1 -> 10, weight: 272\n1 -> 11, weight: 12\n2 -> 3, weight: 227\n2 -> 4, weight: 226\n2 -> 5, weight: 133\n2 -> 6, weight: 35\n2 -> 7, weight: 23\n2 -> 8, weight: 308\n2 -> 9, weight: 192\n2 -> 10, weight: 351\n2 -> 11, weight: 332\n2 -> 12, weight: 200\n3 -> 4, weight: 281\n3 -> 5, weight: 176\n3 -> 6, weight: 242\n3 -> 7, weight: 101\n3 -> 8, weight: 325\n3 -> 9, weight: 98\n3 -> 10, weight: 207\n3 -> 11, weight: 247\n3 -> 12, weight: 229\n3 -> 13, weight: 164\n4 -> 5, weight: 252\n4 -> 6, weight: 262\n4 -> 7, weight: 125\n4 -> 8, weight: 84\n4 -> 9, weight: 94\n4 -> 10, weight: 136\n4 -> 11, weight: 193\n4 -> 12, weight: 212\n4 -> 13, weight: 331\n4 -> 14, weight: 30\n5 -> 6, weight: 219\n5 -> 7, weight: 97\n5 -> 8, weight: 342\n5 -> 9, weight: 216\n5 -> 10, weight: 22\n5 -> 11, weight: 105\n5 -> 12, weight: 160\n5 -> 13, weight: 169\n5 -> 14, weight: 22\n5 -> 15, weight: 188\n6 -> 7, weight: 36\n6 -> 8, weight: 98\n6 -> 9, weight: 15\n6 -> 10, weight: 366\n6 -> 11, weight: 327\n6 -> 12, weight: 89\n6 -> 13, weight: 127\n6 -> 14, weight: 263\n6 -> 15, weight: 72\n6 -> 0, weight: 34\n7 -> 8, weight: 295\n7 -> 9, weight: 48\n7 -> 10, weight: 359\n7 -> 11, weight: 237\n7 -> 12, weight: 260\n7 -> 13, weight: 110\n7 -> 14, weight: 191\n7 -> 15, weight: 218\n7 -> 0, weight: 268\n7 -> 1, weight: 286\n8 -> 9, weight: 352\n8 -> 10, weight: 83\n8 -> 11, weight: 24\n8 -> 12, weight: 316\n8 -> 13, weight: 150\n8 -> 14, weight: 255\n8 -> 15, weight: 86\n8 -> 0, weight: 130\n8 -> 1, weight: 177\n8 -> 2, weight: 226\n9 -> 10, weight: 355\n9 -> 11, weight: 217\n9 -> 12, weight: 312\n9 -> 13, weight: 199\n9 -> 14, weight: 196\n9 -> 15, weight: 76\n9 -> 0, weight: 221\n9 -> 1, weight: 206\n9 -> 2, weight: 128\n9 -> 3, weight: 153\n10 -> 11, weight: 38\n10 -> 12, weight: 249\n10 -> 13, weight: 78\n10 -> 14, weight: 119\n10 -> 15, weight: 93\n10 -> 0, weight: 251\n10 -> 1, weight: 178\n10 -> 2, weight: 193\n10 -> 3, weight: 332\n10 -> 4, weight: 43\n11 -> 12, weight: 320\n11 -> 13, weight: 363\n11 -> 14, weight: 244\n11 -> 15, weight: 207\n11 -> 0, weight: 11\n11 -> 1, weight: 22\n11 -> 2, weight: 155\n11 -> 3, weight: 285\n11 -> 4, weight: 87\n11 -> 5, weight: 294\n12 -> 13, weight: 338\n12 -> 14, weight: 332\n12 -> 15, weight: 61\n12 -> 0, weight: 131\n12 -> 1, weight: 89\n12 -> 2, weight: 46\n12 -> 3, weight: 116\n12 -> 4, weight: 194\n12 -> 5, weight: 12\n12 -> 6, weight: 336\n13 -> 14, weight: 244\n13 -> 15, weight: 224\n13 -> 0, weight: 76\n13 -> 1, weight: 148\n13 -> 2, weight: 85\n13 -> 3, weight: 96\n13 -> 4, weight: 280\n13 -> 5, weight: 102\n13 -> 6, weight: 14\n13 -> 7, weight: 218\n14 -> 15, weight: 28\n14 -> 0, weight: 227\n14 -> 1, weight: 350\n14 -> 2, weight: 359\n14 -> 3, weight: 299\n14 -> 4, weight: 240\n14 -> 5, weight: 2\n14 -> 6, weight: 262\n14 -> 7, weight: 288\n14 -> 8, weight: 38\n15 -> 0, weight: 363\n15 -> 1, weight: 139\n15 -> 2, weight: 50\n15 -> 3, weight: 80\n15 -> 4, weight: 263\n15 -> 5, weight: 99\n15 -> 6, weight: 51\n15 -> 7, weight: 232\n15 -> 8, weight: 211\n15 -> 9, weight: 248\n\nFind the top 2 shortest paths from node 0 to node 15.\n\nReturn your answer by calling the submit_paths function with:\n- paths: A list of paths, where each path is a list of node indices\n- weights: A list of corresponding path weights\n\nFor example, if the shortest path is [0, 2, 4] with weight 10, call:\nsubmit_paths(paths=[[0, 2, 4]], weights=[10])\n",
        "finish_reason": "stop"
      },
      {
        "index": 1,
        "text": "submit_paths(paths=[[0, 3, 10, 17]], weights=[141])",
        "reasoning": "",