{
  "batch_id": 48,
  "batch_size": 1,
  "scheduled_arrival_time": 651.5353893803859,
  "actual_send_time": 651.5372278690338,
  "request_duration": 457.2156331539154,
  "completion_time": 1108.7528998851776,
  "status_code": 200,
  "prompt_idxs": [
    39
  ],
  "response": {
    "model": "yusenh-system-3",
    "choices": [
      {
        "index": 0,
        "text": "submit_paths(paths=[[0, 5, 14, 15, 16]], weights=[142])",
        "reasoning": "",
        "prompt": "You are given a directed graph with 17 nodes (numbered 0 to 16) and the following edges:\n\nEdges (source -> target, weight):\n0 -> 1, weight: 113\n0 -> 2, weight: 103\n0 -> 3, weight: 92\n0 -> 4, weight: 118\n0 -> 5, weight: 57\n0 -> 6, weight: 147\n0 -> 7, weight: 78\n0 -> 8, weight: 66\n0 -> 9, weight: 135\n1 -> 2, weight: 51\n1 -> 3, weight: 188\n1 -> 4, weight: 26\n1 -> 5, weight: 40\n1 -> 6, weight: 64\n1 -> 7, weight: 27\n1 -> 8, weight: 26\n1 -> 9, weight: 21\n1 -> 10, weight: 193\n2 -> 3, weight: 103\n2 -> 4, weight: 186\n2 -> 5, weight: 177\n2 -> 6, weight: 79\n2 -> 7, weight: 66\n2 -> 8, weight: 176\n2 -> 9, weight: 180\n2 -> 10, weight: 64\n2 -> 11, weight: 123\n3 -> 4, weight: 136\n3 -> 5, weight: 124\n3 -> 6, weight: 50\n3 -> 7, weight: 79\n3 -> 8, weight: 112\n3 -> 9, weight: 177\n3 -> 10, weight: 72\n3 -> 11, weight: 107\n3 -> 12, weight: 149\n4 -> 5, weight: 115\n4 -> 6, weight: 180\n4 -> 7, weight: 27\n4 -> 8, weight: 24\n4 -> 9, weight: 195\n4 -> 10, weight: 104\n4 -> 11, weight: 167\n4 -> 12, weight: 9\n4 -> 13, weight: 148\n5 -> 6, weight: 102\n5 -> 7, weight: 174\n5 -> 8, weight: 196\n5 -> 9, weight: 186\n5 -> 10, weight: 168\n5 -> 11, weight: 187\n5 -> 12, weight: 160\n5 -> 13, weight: 33\n5 -> 14, weight: 34\n6 -> 7, weight: 67\n6 -> 8, weight: 124\n6 -> 9, weight: 166\n6 -> 10, weight: 81\n6 -> 11, weight: 107\n6 -> 12, weight: 165\n6 -> 13, weight: 63\n6 -> 14, weight: 32\n6 -> 15, weight: 122\n7 -> 8, weight: 38\n7 -> 9, weight: 110\n7 -> 10, weight: 182\n7 -> 11, weight: 75\n7 -> 12, weight: 102\n7 -> 13, weight: 175\n7 -> 14, weight: 161\n7 -> 15, weight: 135\n7 -> 16, weight: 119\n8 -> 9, weight: 190\n8 -> 10, weight: 169\n8 -> 11, weight: 180\n8 -> 12, weight: 157\n8 -> 13, weight: 191\n8 -> 14, weight: 164\n8 -> 15, weight: 138\n8 -> 16, weight: 152\n8 -> 0, weight: 74\n9 -> 10, weight: 84\n9 -> 11, weight: 136\n9 -> 12, weight: 166\n9 -> 13, weight: 61\n9 -> 14, weight: 31\n9 -> 15, weight: 111\n9 -> 16, weight: 114\n9 -> 0, weight: 15\n9 -> 1, weight: 141\n10 -> 11, weight: 15\n10 -> 12, weight: 115\n10 -> 13, weight: 66\n10 -> 14, weight: 155\n10 -> 15, weight: 16\n10 -> 16, weight: 149\n10 -> 0, weight: 118\n10 -> 1, weight: 166\n10 -> 2, weight: 97\n11 -> 12, weight: 120\n11 -> 13, weight: 194\n11 -> 14, weight: 7\n11 -> 15, weight: 60\n11 -> 16, weight: 144\n11 -> 0, weight: 110\n11 -> 1, weight: 1\n11 -> 2, weight: 35\n11 -> 3, weight: 166\n12 -> 13, weight: 140\n12 -> 14, weight: 139\n12 -> 15, weight: 69\n12 -> 16, weight: 126\n12 -> 0, weight: 23\n12 -> 1, weight: 114\n12 -> 2, weight: 163\n12 -> 3, weight: 179\n12 -> 4, weight: 37\n13 -> 14, weight: 79\n13 -> 15, weight: 184\n13 -> 16, weight: 71\n13 -> 0, weight: 61\n13 -> 1, weight: 44\n13 -> 2, weight: 76\n13 -> 3, weight: 72\n13 -> 4, weight: 114\n13 -> 5, weight: 172\n14 -> 15, weight: 12\n14 -> 16, weight: 163\n14 -> 0, weight: 147\n14 -> 1, weight: 8\n14 -> 2, weight: 35\n14 -> 3, weight: 142\n14 -> 4, weight: 173\n14 -> 5, weight: 87\n14 -> 6, weight: 150\n15 -> 16, weight: 39\n15 -> 0, weight: 17\n15 -> 1, weight: 106\n15 -> 2, weight: 51\n15 -> 3, weight: 193\n15 -> 4, weight: 56\n15 -> 5, weight: 143\n15 -> 6, weight: 130\n15 -> 7, weight: 152\n16 -> 0, weight: 181\n16 -> 1, weight: 170\n16 -> 2, weight: 31\n16 -> 3, weight: 38\n16 -> 4, weight: 126\n16 -> 5, weight: 80\n16 -> 6, weight: 23\n16 -> 7, weight: 184\n16 -> 8, weight: 157\n\nFind the top 1 shortest path from node 0 to node 16.\n\nReturn your answer by calling the submit_paths function with:\n- paths: A list of paths, where each path is a list of node indices\n- weights: A list of corresponding path weights\n\nFor example, if the shortest path is [0, 2, 4] with weight 10, call:\nsubmit_paths(paths=[[0, 2, 4]], weights=[10])\n",
        "finish_reason": "stop"
      }
    ]
  },
  "error": null
}