{
  "batch_id": 53,
  "batch_size": 2,
  "scheduled_arrival_time": 699.7016157959082,
  "actual_send_time": 699.7099101543427,
  "request_duration": 434.62508368492126,
  "completion_time": 1134.3350319862366,
  "status_code": 200,
  "prompt_idxs": [
    81,
    40
  ],
  "response": {
    "model": "yusenh-system-3",
    "choices": [
      {
        "index": 0,
        "text": "submit_paths(paths=[[0, 2, 7, 11, 17, 19]], weights=[207])",
        "reasoning": "",
        "prompt": "You are given a directed graph with 20 nodes (numbered 0 to 19) and the following edges:\n\nEdges (source -> target, weight):\n0 -> 1, weight: 157\n0 -> 2, weight: 106\n0 -> 3, weight: 269\n0 -> 4, weight: 220\n0 -> 5, weight: 169\n0 -> 6, weight: 112\n0 -> 7, weight: 286\n1 -> 2, weight: 152\n1 -> 3, weight: 152\n1 -> 4, weight: 218\n1 -> 5, weight: 118\n1 -> 6, weight: 149\n1 -> 7, weight: 100\n1 -> 8, weight: 92\n2 -> 3, weight: 113\n2 -> 4, weight: 132\n2 -> 5, weight: 150\n2 -> 6, weight: 53\n2 -> 7, weight: 32\n2 -> 8, weight: 245\n2 -> 9, weight: 188\n3 -> 4, weight: 107\n3 -> 5, weight: 52\n3 -> 6, weight: 205\n3 -> 7, weight: 149\n3 -> 8, weight: 14\n3 -> 9, weight: 188\n3 -> 10, weight: 241\n4 -> 5, weight: 164\n4 -> 6, weight: 242\n4 -> 7, weight: 277\n4 -> 8, weight: 142\n4 -> 9, weight: 134\n4 -> 10, weight: 67\n4 -> 11, weight: 124\n5 -> 6, weight: 227\n5 -> 7, weight: 5\n5 -> 8, weight: 122\n5 -> 9, weight: 197\n5 -> 10, weight: 4\n5 -> 11, weight: 170\n5 -> 12, weight: 165\n6 -> 7, weight: 80\n6 -> 8, weight: 206\n6 -> 9, weight: 206\n6 -> 10, weight: 176\n6 -> 11, weight: 255\n6 -> 12, weight: 146\n6 -> 13, weight: 104\n7 -> 8, weight: 214\n7 -> 9, weight: 110\n7 -> 10, weight: 177\n7 -> 11, weight: 34\n7 -> 12, weight: 254\n7 -> 13, weight: 13\n7 -> 14, weight: 69\n8 -> 9, weight: 161\n8 -> 10, weight: 204\n8 -> 11, weight: 26\n8 -> 12, weight: 146\n8 -> 13, weight: 85\n8 -> 14, weight: 223\n8 -> 15, weight: 109\n9 -> 10, weight: 41\n9 -> 11, weight: 51\n9 -> 12, weight: 136\n9 -> 13, weight: 61\n9 -> 14, weight: 89\n9 -> 15, weight: 269\n9 -> 16, weight: 173\n10 -> 11, weight: 203\n10 -> 12, weight: 121\n10 -> 13, weight: 58\n10 -> 14, weight: 288\n10 -> 15, weight: 88\n10 -> 16, weight: 119\n10 -> 17, weight: 259\n11 -> 12, weight: 15\n11 -> 13, weight: 92\n11 -> 14, weight: 23\n11 -> 15, weight: 211\n11 -> 16, weight: 63\n11 -> 17, weight: 28\n11 -> 18, weight: 240\n12 -> 13, weight: 39\n12 -> 14, weight: 139\n12 -> 15, weight: 252\n12 -> 16, weight: 138\n12 -> 17, weight: 124\n12 -> 18, weight: 31\n12 -> 19, weight: 196\n13 -> 14, weight: 185\n13 -> 15, weight: 216\n13 -> 16, weight: 271\n13 -> 17, weight: 104\n13 -> 18, weight: 262\n13 -> 19, weight: 185\n13 -> 0, weight: 194\n14 -> 15, weight: 49\n14 -> 16, weight: 217\n14 -> 17, weight: 229\n14 -> 18, weight: 174\n14 -> 19, weight: 14\n14 -> 0, weight: 36\n14 -> 1, weight: 15\n15 -> 16, weight: 63\n15 -> 17, weight: 182\n15 -> 18, weight: 249\n15 -> 19, weight: 172\n15 -> 0, weight: 24\n15 -> 1, weight: 115\n15 -> 2, weight: 66\n16 -> 17, weight: 61\n16 -> 18, weight: 109\n16 -> 19, weight: 219\n16 -> 0, weight: 126\n16 -> 1, weight: 221\n16 -> 2, weight: 275\n16 -> 3, weight: 256\n17 -> 18, weight: 136\n17 -> 19, weight: 7\n17 -> 0, weight: 198\n17 -> 1, weight: 180\n17 -> 2, weight: 188\n17 -> 3, weight: 147\n17 -> 4, weight: 80\n18 -> 19, weight: 96\n18 -> 0, weight: 114\n18 -> 1, weight: 191\n18 -> 2, weight: 24\n18 -> 3, weight: 234\n18 -> 4, weight: 8\n18 -> 5, weight: 235\n19 -> 0, weight: 75\n19 -> 1, weight: 189\n19 -> 2, weight: 278\n19 -> 3, weight: 254\n19 -> 4, weight: 78\n19 -> 5, weight: 180\n19 -> 6, weight: 200\n\nFind the top 1 shortest path from node 0 to node 19.\n\nReturn your answer by calling the submit_paths function with:\n- paths: A list of paths, where each path is a list of node indices\n- weights: A list of corresponding path weights\n\nFor example, if the shortest path is [0, 2, 4] with weight 10, call:\nsubmit_paths(paths=[[0, 2, 4]], weights=[10])\n",
        "finish_reason": "stop"
      },
      {
        "index": 1,
        "text": "submit_paths(paths=[[0, 2, 4, 7, 10]], weights=[387])",
        "reasoning": "",
        "prompt": "You are given a directed graph with 11 nodes (numbered 0 to 10) and the following edges:\n\nEdges (source -> target, weight):\n0 -> 1, weight: 506\n0 -> 2, weight: 122\n0 -> 3, weight: 328\n1 -> 2, weight: 607\n1 -> 3, weight: 153\n1 -> 4, weight: 29\n2 -> 3, weight: 323\n2 -> 4, weight: 63\n2 -> 5, weight: 121\n3 -> 4, weight: 109\n3 -> 5, weight: 450\n3 -> 6, weight: 336\n4 -> 5, weight: 564\n4 -> 6, weight: 501\n4 -> 7, weight: 94\n5 -> 6, weight: 422\n5 -> 7, weight: 466\n5 -> 8, weight: 139\n6 -> 7, weight: 43\n6 -> 8, weight: 65\n6 -> 9, weight: 180\n7 -> 8, weight: 425\n7 -> 9, weight: 611\n7 -> 10, weight: 108\n8 -> 9, weight: 533\n8 -> 10, weight: 233\n8 -> 0, weight: 142\n9 -> 10, weight: 279\n9 -> 0, weight: 184\n9 -> 1, weight: 439\n10 -> 0, weight: 97\n10 -> 1, weight: 308\n10 -> 2, weight: 161\n\nFind the top 1 shortest path from node 0 to node 10.\n\nReturn your answer by calling the submit_paths function with:\n- paths: A list of paths, where each path is a list of node indices\n- weights: A list of corresponding path weights\n\nFor example, if the shortest path is [0, 2, 4] with weight 10, call:\nsubmit_paths(paths=[[0, 2, 4]], weights=[10])\n",
        "finish_reason": "stop"
      }
    ]
  },
  "error": null
}