{
  "batch_id": 58,
  "batch_size": 1,
  "scheduled_arrival_time": 754.0085327372522,
  "actual_send_time": 754.01247382164,
  "request_duration": 246.96520829200745,
  "completion_time": 1000.9777176380157,
  "status_code": 200,
  "prompt_idxs": [
    52
  ],
  "response": {
    "model": "yusenh-system-3",
    "choices": [
      {
        "index": 0,
        "text": "submit_paths(paths=[[0, 2, 6, 10, 15]], weights=[783])",
        "reasoning": "",
        "prompt": "You are given a directed graph with 16 nodes (numbered 0 to 15) and the following edges:\n\nEdges (source -> target, weight):\n0 -> 1, weight: 39\n0 -> 2, weight: 347\n0 -> 3, weight: 604\n0 -> 4, weight: 804\n0 -> 5, weight: 247\n1 -> 2, weight: 671\n1 -> 3, weight: 673\n1 -> 4, weight: 74\n1 -> 5, weight: 138\n1 -> 6, weight: 814\n2 -> 3, weight: 347\n2 -> 4, weight: 628\n2 -> 5, weight: 301\n2 -> 6, weight: 1\n2 -> 7, weight: 569\n3 -> 4, weight: 440\n3 -> 5, weight: 90\n3 -> 6, weight: 263\n3 -> 7, weight: 323\n3 -> 8, weight: 669\n4 -> 5, weight: 473\n4 -> 6, weight: 693\n4 -> 7, weight: 745\n4 -> 8, weight: 577\n4 -> 9, weight: 544\n5 -> 6, weight: 806\n5 -> 7, weight: 98\n5 -> 8, weight: 475\n5 -> 9, weight: 596\n5 -> 10, weight: 621\n6 -> 7, weight: 755\n6 -> 8, weight: 415\n6 -> 9, weight: 618\n6 -> 10, weight: 190\n6 -> 11, weight: 483\n7 -> 8, weight: 580\n7 -> 9, weight: 635\n7 -> 10, weight: 647\n7 -> 11, weight: 204\n7 -> 12, weight: 714\n8 -> 9, weight: 737\n8 -> 10, weight: 777\n8 -> 11, weight: 123\n8 -> 12, weight: 339\n8 -> 13, weight: 574\n9 -> 10, weight: 135\n9 -> 11, weight: 145\n9 -> 12, weight: 196\n9 -> 13, weight: 559\n9 -> 14, weight: 495\n10 -> 11, weight: 354\n10 -> 12, weight: 606\n10 -> 13, weight: 779\n10 -> 14, weight: 227\n10 -> 15, weight: 245\n11 -> 12, weight: 767\n11 -> 13, weight: 763\n11 -> 14, weight: 300\n11 -> 15, weight: 519\n11 -> 0, weight: 379\n12 -> 13, weight: 131\n12 -> 14, weight: 342\n12 -> 15, weight: 127\n12 -> 0, weight: 709\n12 -> 1, weight: 283\n13 -> 14, weight: 599\n13 -> 15, weight: 23\n13 -> 0, weight: 247\n13 -> 1, weight: 555\n13 -> 2, weight: 575\n14 -> 15, weight: 626\n14 -> 0, weight: 745\n14 -> 1, weight: 704\n14 -> 2, weight: 660\n14 -> 3, weight: 746\n15 -> 0, weight: 39\n15 -> 1, weight: 526\n15 -> 2, weight: 283\n15 -> 3, weight: 117\n15 -> 4, weight: 775\n\nFind the top 1 shortest path from node 0 to node 15.\n\nReturn your answer by calling the submit_paths function with:\n- paths: A list of paths, where each path is a list of node indices\n- weights: A list of corresponding path weights\n\nFor example, if the shortest path is [0, 2, 4] with weight 10, call:\nsubmit_paths(paths=[[0, 2, 4]], weights=[10])\n",
        "finish_reason": "stop"
      }
    ]
  },
  "error": null
}