{
  "batch_id": 83,
  "batch_size": 4,
  "scheduled_arrival_time": 995.0129116816942,
  "actual_send_time": 995.0169966220856,
  "request_duration": 278.0875446796417,
  "completion_time": 1273.1045813560486,
  "status_code": 200,
  "prompt_idxs": [
    12,
    154,
    201,
    158
  ],
  "response": {
    "model": "yusenh-system-3",
    "choices": [
      {
        "index": 0,
        "text": "submit_paths(paths=[[0, 2, 8, 13]], weights=[146])",
        "reasoning": "",
        "prompt": "You are given a directed graph with 14 nodes (numbered 0 to 13) and the following edges:\n\nEdges (source -> target, weight):\n0 -> 1, weight: 228\n0 -> 2, weight: 11\n0 -> 3, weight: 2\n0 -> 4, weight: 45\n0 -> 5, weight: 74\n0 -> 6, weight: 41\n1 -> 2, weight: 36\n1 -> 3, weight: 188\n1 -> 4, weight: 58\n1 -> 5, weight: 205\n1 -> 6, weight: 64\n1 -> 7, weight: 92\n2 -> 3, weight: 78\n2 -> 4, weight: 99\n2 -> 5, weight: 105\n2 -> 6, weight: 164\n2 -> 7, weight: 123\n2 -> 8, weight: 124\n3 -> 4, weight: 136\n3 -> 5, weight: 299\n3 -> 6, weight: 284\n3 -> 7, weight: 216\n3 -> 8, weight: 279\n3 -> 9, weight: 161\n4 -> 5, weight: 203\n4 -> 6, weight: 73\n4 -> 7, weight: 156\n4 -> 8, weight: 107\n4 -> 9, weight: 195\n4 -> 10, weight: 249\n5 -> 6, weight: 202\n5 -> 7, weight: 272\n5 -> 8, weight: 209\n5 -> 9, weight: 29\n5 -> 10, weight: 36\n5 -> 11, weight: 251\n6 -> 7, weight: 288\n6 -> 8, weight: 233\n6 -> 9, weight: 155\n6 -> 10, weight: 215\n6 -> 11, weight: 161\n6 -> 12, weight: 225\n7 -> 8, weight: 186\n7 -> 9, weight: 100\n7 -> 10, weight: 174\n7 -> 11, weight: 82\n7 -> 12, weight: 211\n7 -> 13, weight: 226\n8 -> 9, weight: 241\n8 -> 10, weight: 269\n8 -> 11, weight: 98\n8 -> 12, weight: 16\n8 -> 13, weight: 11\n8 -> 0, weight: 253\n9 -> 10, weight: 209\n9 -> 11, weight: 148\n9 -> 12, weight: 35\n9 -> 13, weight: 189\n9 -> 0, weight: 192\n9 -> 1, weight: 227\n10 -> 11, weight: 160\n10 -> 12, weight: 116\n10 -> 13, weight: 184\n10 -> 0, weight: 272\n10 -> 1, weight: 143\n10 -> 2, weight: 61\n11 -> 12, weight: 181\n11 -> 13, weight: 21\n11 -> 0, weight: 240\n11 -> 1, weight: 274\n11 -> 2, weight: 195\n11 -> 3, weight: 75\n12 -> 13, weight: 10\n12 -> 0, weight: 73\n12 -> 1, weight: 99\n12 -> 2, weight: 285\n12 -> 3, weight: 104\n12 -> 4, weight: 88\n13 -> 0, weight: 62\n13 -> 1, weight: 137\n13 -> 2, weight: 83\n13 -> 3, weight: 266\n13 -> 4, weight: 290\n13 -> 5, weight: 130\n\nFind the top 1 shortest path from node 0 to node 13.\n\nReturn your answer by calling the submit_paths function with:\n- paths: A list of paths, where each path is a list of node indices\n- weights: A list of corresponding path weights\n\nFor example, if the shortest path is [0, 2, 4] with weight 10, call:\nsubmit_paths(paths=[[0, 2, 4]], weights=[10])\n",
        "finish_reason": "stop"
      },
      {
        "index": 1,
        "text": "CUSTOMER 1: The room was immaculate, the staff was incredibly friendly, and the breakfast selection was outstanding\u2014this hotel exceeded all my expectations.  \nCUSTOMER 2: The pool area was beautifully maintained, the views from the rooms were stunning, and the service was prompt and professional.  \nCUSTOMER 3: The location is perfect for walking to downtown, the free Wi-Fi worked seamlessly, and I loved the modern design of the lobby.  \nCUSTOMER 4: The bed was extremely comfortable, the noise level was low, and I appreciated the free shuttle service to the airport.  \nCUSTOMER 5: The check-in process was slow and confusing, the room had a musty odor, and the bathroom fixtures were outdated and poorly maintained.  \nCUSTOMER 6: The noise from the adjacent rooms was unbearable, especially at night, and the air conditioning failed during my stay.  \nCUSTOMER 7: I was disappointed with the room cleanliness\u2014dust on the furniture and unmade beds\u2014and the staff seemed uninterested in addressing complaints.  \nCUSTOMER 8: The restaurant had mediocre food and long wait times, and the overall ambiance felt outdated and uninviting.  \nCUSTOMER 9: The free parking was a huge plus, and the fitness center was well-equipped and clean\u2014great value for the price.  \nCUSTOMER 10: The check-out process took over 30 minutes, and the front desk staff were unresponsive and rude throughout the stay.\n\nSummary: The reviews reflect a mixed sentiment, with five positive comments highlighting excellent service, comfort, and amenities, while five negative reviews point to issues such as poor cleanliness, noise, staff unresponsiveness, and inadequate facilities. Overall, the hotel has strengths in customer service and location but faces significant concerns in maintenance and staff performance.",
        "reasoning": "",
        "prompt": "Instruction: Please generate 10 one-sentence hotel reviews from ten different customers, ensuring that 5 of the reviews are positive and 5 are negative. Begin each review with \"CUSTOMER\" and the customer's number. After completing the 10 reviews, provide a two-sentence summarization that captures the overall sentiment and key points from the reviews.\nQuestion: \nGeneration:",
        "finish_reason": "stop"
      },
      {
        "index": 2,
        "text": "The answer is (C)",
        "reasoning": "",
        "prompt": "The following is a multiple choice question (with answers) about  professional medicine.  Output the answer in the format of \"The answer is (X)\" at the end.\n\nQuestion: A 75-year-old female presents to the office for a health maintenance examination. She says that she is more fatigued than she was at 65, but she still gardens and drives to the grocery store. Routine laboratory studies reveal a leukocyte count of 25.0\u00a0\u00d7\u00a0103/mcL (reference range 4.5-11.0\u00a0\u00d7\u00a0103/mcL) and 97%\u00a0mature-appearing lymphocytes on a peripheral blood smear. Immunohistochemical stains demonstrate the lymphocytes to be of\u00a0B-cell\u00a0origin. The most likely diagnosis is\n Options:\nA. acute lymphocytic leukemia\nB. acute myelogenous leukemia\nC. chronic lymphocytic leukemia\nD. chronic myelogenous leukemia\nAnswer:",
        "finish_reason": "stop"
      },
      {
        "index": 3,
        "text": "Arts & Culture",
        "reasoning": "",
        "prompt": "Instruction: Give the news title a category. Pick a category from the list of News & Buzz, Travel, Style, Arts & Culture, Politics, Tech, and Science & Health.\nQuestion: The #Banksy Exhibit in Cambridge, MA is absolutely terrific.\nGeneration:",
        "finish_reason": "stop"
      }
    ]
  },
  "error": null
}