{
  "batch_id": 10,
  "batch_size": 1,
  "scheduled_arrival_time": 111.12343807249482,
  "actual_send_time": 111.12872457504272,
  "request_duration": 311.6426451206207,
  "completion_time": 422.7714092731476,
  "status_code": 200,
  "prompt_idxs": [
    33
  ],
  "response": {
    "model": "yusenh-system-3",
    "choices": [
      {
        "index": 0,
        "text": "submit_paths(paths=[[0, 6, 11, 13], [0, 6, 11, 12, 13]], weights=[89, 107])",
        "reasoning": "",
        "prompt": "You are given a directed graph with 14 nodes (numbered 0 to 13) and the following edges:\n\nEdges (source -> target, weight):\n0 -> 1, weight: 3\n0 -> 2, weight: 155\n0 -> 3, weight: 14\n0 -> 4, weight: 209\n0 -> 5, weight: 32\n0 -> 6, weight: 68\n0 -> 7, weight: 284\n0 -> 8, weight: 299\n1 -> 2, weight: 7\n1 -> 3, weight: 126\n1 -> 4, weight: 135\n1 -> 5, weight: 263\n1 -> 6, weight: 94\n1 -> 7, weight: 32\n1 -> 8, weight: 72\n1 -> 9, weight: 26\n2 -> 3, weight: 19\n2 -> 4, weight: 198\n2 -> 5, weight: 291\n2 -> 6, weight: 313\n2 -> 7, weight: 226\n2 -> 8, weight: 270\n2 -> 9, weight: 146\n2 -> 10, weight: 157\n3 -> 4, weight: 226\n3 -> 5, weight: 297\n3 -> 6, weight: 278\n3 -> 7, weight: 96\n3 -> 8, weight: 46\n3 -> 9, weight: 119\n3 -> 10, weight: 108\n3 -> 11, weight: 289\n4 -> 5, weight: 49\n4 -> 6, weight: 122\n4 -> 7, weight: 246\n4 -> 8, weight: 138\n4 -> 9, weight: 156\n4 -> 10, weight: 287\n4 -> 11, weight: 251\n4 -> 12, weight: 15\n5 -> 6, weight: 162\n5 -> 7, weight: 335\n5 -> 8, weight: 126\n5 -> 9, weight: 17\n5 -> 10, weight: 105\n5 -> 11, weight: 170\n5 -> 12, weight: 330\n5 -> 13, weight: 228\n6 -> 7, weight: 15\n6 -> 8, weight: 330\n6 -> 9, weight: 134\n6 -> 10, weight: 121\n6 -> 11, weight: 13\n6 -> 12, weight: 334\n6 -> 13, weight: 112\n6 -> 0, weight: 203\n7 -> 8, weight: 324\n7 -> 9, weight: 148\n7 -> 10, weight: 9\n7 -> 11, weight: 157\n7 -> 12, weight: 220\n7 -> 13, weight: 329\n7 -> 0, weight: 91\n7 -> 1, weight: 86\n8 -> 9, weight: 209\n8 -> 10, weight: 185\n8 -> 11, weight: 139\n8 -> 12, weight: 148\n8 -> 13, weight: 211\n8 -> 0, weight: 20\n8 -> 1, weight: 143\n8 -> 2, weight: 52\n9 -> 10, weight: 277\n9 -> 11, weight: 203\n9 -> 12, weight: 159\n9 -> 13, weight: 217\n9 -> 0, weight: 169\n9 -> 1, weight: 71\n9 -> 2, weight: 210\n9 -> 3, weight: 267\n10 -> 11, weight: 284\n10 -> 12, weight: 323\n10 -> 13, weight: 295\n10 -> 0, weight: 20\n10 -> 1, weight: 106\n10 -> 2, weight: 158\n10 -> 3, weight: 83\n10 -> 4, weight: 189\n11 -> 12, weight: 17\n11 -> 13, weight: 8\n11 -> 0, weight: 337\n11 -> 1, weight: 126\n11 -> 2, weight: 223\n11 -> 3, weight: 40\n11 -> 4, weight: 182\n11 -> 5, weight: 245\n12 -> 13, weight: 9\n12 -> 0, weight: 70\n12 -> 1, weight: 253\n12 -> 2, weight: 250\n12 -> 3, weight: 122\n12 -> 4, weight: 234\n12 -> 5, weight: 302\n12 -> 6, weight: 348\n13 -> 0, weight: 306\n13 -> 1, weight: 130\n13 -> 2, weight: 279\n13 -> 3, weight: 85\n13 -> 4, weight: 193\n13 -> 5, weight: 206\n13 -> 6, weight: 17\n13 -> 7, weight: 43\n\nFind the top 2 shortest paths from node 0 to node 13.\n\nReturn your answer by calling the submit_paths function with:\n- paths: A list of paths, where each path is a list of node indices\n- weights: A list of corresponding path weights\n\nFor example, if the shortest path is [0, 2, 4] with weight 10, call:\nsubmit_paths(paths=[[0, 2, 4]], weights=[10])\n",
        "finish_reason": "stop"
      }
    ]
  },
  "error": null
}