{
  "batch_id": 13,
  "batch_size": 3,
  "scheduled_arrival_time": 148.24527859516942,
  "actual_send_time": 148.27687311172485,
  "request_duration": 349.8757212162018,
  "completion_time": 498.15263199806213,
  "status_code": 200,
  "prompt_idxs": [
    38,
    4,
    31
  ],
  "response": {
    "model": "yusenh-system-3",
    "choices": [
      {
        "index": 0,
        "text": "submit_paths(paths=[[0, 3, 6, 14, 16]], weights=[187])",
        "reasoning": "",
        "prompt": "You are given a directed graph with 17 nodes (numbered 0 to 16) and the following edges:\n\nEdges (source -> target, weight):\n0 -> 1, weight: 140\n0 -> 2, weight: 106\n0 -> 3, weight: 27\n0 -> 4, weight: 58\n0 -> 5, weight: 182\n0 -> 6, weight: 135\n0 -> 7, weight: 115\n0 -> 8, weight: 194\n1 -> 2, weight: 214\n1 -> 3, weight: 78\n1 -> 4, weight: 125\n1 -> 5, weight: 181\n1 -> 6, weight: 296\n1 -> 7, weight: 366\n1 -> 8, weight: 306\n1 -> 9, weight: 79\n2 -> 3, weight: 114\n2 -> 4, weight: 352\n2 -> 5, weight: 286\n2 -> 6, weight: 202\n2 -> 7, weight: 105\n2 -> 8, weight: 181\n2 -> 9, weight: 323\n2 -> 10, weight: 184\n3 -> 4, weight: 389\n3 -> 5, weight: 102\n3 -> 6, weight: 75\n3 -> 7, weight: 425\n3 -> 8, weight: 38\n3 -> 9, weight: 332\n3 -> 10, weight: 101\n3 -> 11, weight: 244\n4 -> 5, weight: 331\n4 -> 6, weight: 364\n4 -> 7, weight: 75\n4 -> 8, weight: 128\n4 -> 9, weight: 160\n4 -> 10, weight: 393\n4 -> 11, weight: 76\n4 -> 12, weight: 127\n5 -> 6, weight: 11\n5 -> 7, weight: 204\n5 -> 8, weight: 115\n5 -> 9, weight: 300\n5 -> 10, weight: 390\n5 -> 11, weight: 53\n5 -> 12, weight: 169\n5 -> 13, weight: 319\n6 -> 7, weight: 127\n6 -> 8, weight: 117\n6 -> 9, weight: 259\n6 -> 10, weight: 241\n6 -> 11, weight: 90\n6 -> 12, weight: 172\n6 -> 13, weight: 13\n6 -> 14, weight: 11\n7 -> 8, weight: 345\n7 -> 9, weight: 347\n7 -> 10, weight: 91\n7 -> 11, weight: 176\n7 -> 12, weight: 413\n7 -> 13, weight: 107\n7 -> 14, weight: 116\n7 -> 15, weight: 275\n8 -> 9, weight: 79\n8 -> 10, weight: 318\n8 -> 11, weight: 347\n8 -> 12, weight: 323\n8 -> 13, weight: 354\n8 -> 14, weight: 316\n8 -> 15, weight: 120\n8 -> 16, weight: 155\n9 -> 10, weight: 172\n9 -> 11, weight: 18\n9 -> 12, weight: 117\n9 -> 13, weight: 226\n9 -> 14, weight: 147\n9 -> 15, weight: 280\n9 -> 16, weight: 146\n9 -> 0, weight: 165\n10 -> 11, weight: 86\n10 -> 12, weight: 312\n10 -> 13, weight: 108\n10 -> 14, weight: 28\n10 -> 15, weight: 43\n10 -> 16, weight: 70\n10 -> 0, weight: 127\n10 -> 1, weight: 361\n11 -> 12, weight: 151\n11 -> 13, weight: 217\n11 -> 14, weight: 17\n11 -> 15, weight: 55\n11 -> 16, weight: 213\n11 -> 0, weight: 402\n11 -> 1, weight: 69\n11 -> 2, weight: 40\n12 -> 13, weight: 159\n12 -> 14, weight: 219\n12 -> 15, weight: 178\n12 -> 16, weight: 281\n12 -> 0, weight: 24\n12 -> 1, weight: 179\n12 -> 2, weight: 280\n12 -> 3, weight: 237\n13 -> 14, weight: 291\n13 -> 15, weight: 51\n13 -> 16, weight: 276\n13 -> 0, weight: 249\n13 -> 1, weight: 323\n13 -> 2, weight: 261\n13 -> 3, weight: 197\n13 -> 4, weight: 23\n14 -> 15, weight: 27\n14 -> 16, weight: 74\n14 -> 0, weight: 307\n14 -> 1, weight: 224\n14 -> 2, weight: 231\n14 -> 3, weight: 167\n14 -> 4, weight: 45\n14 -> 5, weight: 48\n15 -> 16, weight: 274\n15 -> 0, weight: 330\n15 -> 1, weight: 278\n15 -> 2, weight: 365\n15 -> 3, weight: 351\n15 -> 4, weight: 133\n15 -> 5, weight: 163\n15 -> 6, weight: 190\n16 -> 0, weight: 205\n16 -> 1, weight: 206\n16 -> 2, weight: 92\n16 -> 3, weight: 94\n16 -> 4, weight: 12\n16 -> 5, weight: 338\n16 -> 6, weight: 232\n16 -> 7, weight: 14\n\nFind the top 1 shortest path from node 0 to node 16.\n\nReturn your answer by calling the submit_paths function with:\n- paths: A list of paths, where each path is a list of node indices\n- weights: A list of corresponding path weights\n\nFor example, if the shortest path is [0, 2, 4] with weight 10, call:\nsubmit_paths(paths=[[0, 2, 4]], weights=[10])\n",
        "finish_reason": "stop"
      },
      {
        "index": 1,
        "text": "submit_paths(paths=[[0, 6, 8, 3, 9]], weights=[33])",
        "reasoning": "",
        "prompt": "You are given a directed graph with 10 nodes (numbered 0 to 9) and the following edges:\n\nEdges (source -> target, weight):\n0 -> 1, weight: 75\n0 -> 2, weight: 36\n0 -> 3, weight: 59\n0 -> 4, weight: 53\n0 -> 5, weight: 45\n0 -> 6, weight: 5\n0 -> 7, weight: 41\n0 -> 8, weight: 61\n0 -> 9, weight: 63\n1 -> 2, weight: 2\n1 -> 3, weight: 66\n1 -> 4, weight: 53\n1 -> 5, weight: 50\n1 -> 6, weight: 18\n1 -> 7, weight: 36\n1 -> 8, weight: 34\n1 -> 9, weight: 64\n1 -> 0, weight: 44\n2 -> 3, weight: 72\n2 -> 4, weight: 39\n2 -> 5, weight: 64\n2 -> 6, weight: 45\n2 -> 7, weight: 75\n2 -> 8, weight: 48\n2 -> 9, weight: 45\n2 -> 0, weight: 6\n2 -> 1, weight: 68\n3 -> 4, weight: 28\n3 -> 5, weight: 72\n3 -> 6, weight: 28\n3 -> 7, weight: 20\n3 -> 8, weight: 4\n3 -> 9, weight: 4\n3 -> 0, weight: 26\n3 -> 1, weight: 74\n3 -> 2, weight: 34\n4 -> 5, weight: 15\n4 -> 6, weight: 24\n4 -> 7, weight: 56\n4 -> 8, weight: 37\n4 -> 9, weight: 21\n4 -> 0, weight: 40\n4 -> 1, weight: 48\n4 -> 2, weight: 30\n4 -> 3, weight: 53\n5 -> 6, weight: 50\n5 -> 7, weight: 61\n5 -> 8, weight: 7\n5 -> 9, weight: 40\n5 -> 0, weight: 5\n5 -> 1, weight: 19\n5 -> 2, weight: 27\n5 -> 3, weight: 68\n5 -> 4, weight: 72\n6 -> 7, weight: 72\n6 -> 8, weight: 3\n6 -> 9, weight: 35\n6 -> 0, weight: 67\n6 -> 1, weight: 7\n6 -> 2, weight: 1\n6 -> 3, weight: 59\n6 -> 4, weight: 61\n6 -> 5, weight: 37\n7 -> 8, weight: 14\n7 -> 9, weight: 35\n7 -> 0, weight: 67\n7 -> 1, weight: 43\n7 -> 2, weight: 5\n7 -> 3, weight: 63\n7 -> 4, weight: 22\n7 -> 5, weight: 19\n7 -> 6, weight: 6\n8 -> 9, weight: 76\n8 -> 0, weight: 45\n8 -> 1, weight: 24\n8 -> 2, weight: 9\n8 -> 3, weight: 21\n8 -> 4, weight: 7\n8 -> 5, weight: 63\n8 -> 6, weight: 46\n8 -> 7, weight: 17\n9 -> 0, weight: 70\n9 -> 1, weight: 35\n9 -> 2, weight: 60\n9 -> 3, weight: 36\n9 -> 4, weight: 48\n9 -> 5, weight: 72\n9 -> 6, weight: 14\n9 -> 7, weight: 13\n9 -> 8, weight: 47\n\nFind the top 1 shortest path from node 0 to node 9.\n\nReturn your answer by calling the submit_paths function with:\n- paths: A list of paths, where each path is a list of node indices\n- weights: A list of corresponding path weights\n\nFor example, if the shortest path is [0, 2, 4] with weight 10, call:\nsubmit_paths(paths=[[0, 2, 4]], weights=[10])\n",
        "finish_reason": "stop"
      },
      {
        "index": 2,
        "text": "submit_paths(paths=[[0, 6, 10, 14], [0, 1, 3, 4, 10, 14], [0, 1, 3, 4, 9, 10, 14]], weights=[381, 424, 446])",
        "reasoning": "",